number,Last Name,pmlr,forum
5,Zhang,zhang21a.pdf,https://openreview.net/forum?id=2vCFIoWDS6E
10,Hu,hu21.pdf,https://openreview.net/forum?id=k1BSWQqHoMV
12,Hering,hering21.pdf,https://openreview.net/forum?id=hzbuHGhU02Z
15,Dunnhofer,dunnhofer21.pdf,https://openreview.net/forum?id=7psPmlNffvg
16,Abbet,abbet21.pdf,https://openreview.net/forum?id=VO7asaS5GUk
17,Wood,wood21.pdf,https://openreview.net/forum?id=gh8qD_lAADe
27,Zhang,zhang21c.pdf,https://openreview.net/forum?id=g1sESqlP214
28,Czolbe,czolbe21.pdf,https://openreview.net/forum?id=9M5cH--UdcC
29,Olivier,olivier21.pdf,https://openreview.net/forum?id=ZGvtypAfHiA
30,Zhang,zhang21d.pdf,https://openreview.net/forum?id=LFaxozc7Awm
31,Gadgil,gadgil21.pdf,https://openreview.net/forum?id=eA7PGMYmHFA
32,Liu,liu21a.pdf,https://openreview.net/forum?id=Y7koM_09Cme
34,Qiu,qiu21.pdf,https://openreview.net/forum?id=eSI9Qh2DJhN
40,Heer,heer21.pdf,https://openreview.net/forum?id=ZDD2TbZn7X1
41,Kanavati,kanavati21.pdf,https://openreview.net/forum?id=TjwDWRdfZpg
42,Lopez Pinaya,pinaya21.pdf,https://openreview.net/forum?id=Z1tlNqbCpp_
44,Neimark,neimark21.pdf,https://openreview.net/forum?id=cTB4Qz3RzCl
45,Bargsten,bargsten21.pdf,https://openreview.net/forum?id=GDs7V3mS1h9
46,Shi,shi21.pdf,https://openreview.net/forum?id=i-zxSlqneRu
49,Muhammad,muhammad21.pdf,https://openreview.net/forum?id=JSSwHS_GU63
50,Chu,chuli21.pdf,https://openreview.net/forum?id=-9bAYexxLtN
52,Liu,liu21b.pdf,https://openreview.net/forum?id=nBT8eNF7aXr
53,Zhang,zhang21b.pdf,https://openreview.net/forum?id=JbWMYLN5Hba
56,Sowrirajan,sowrirajan21.pdf,https://openreview.net/forum?id=LO7Su0-dPJl
64,Gonzalez,gonzalez21.pdf,https://openreview.net/forum?id=E5CpgfwHBoC
68,Ozer,ozer21.pdf,https://openreview.net/forum?id=ln797A8lAb0
69,He,he21.pdf,https://openreview.net/forum?id=Koyg3kvH-Mq
70,Gruening,gruening21.pdf,https://openreview.net/forum?id=2fpsTsvCgc0
72,Faryna,faryna21.pdf,https://openreview.net/forum?id=JrBfXaoxbA2
75,Muhamedrahimov,muhamedrahimov21.pdf,https://openreview.net/forum?id=B01pd5ot0w6
78,Tölle,toelle21.pdf,https://openreview.net/forum?id=DvV_blKLiB4
80,Lemay,lemay21.pdf,https://openreview.net/forum?id=fa176bQAbr
85,Amador,amador21.pdf,https://openreview.net/forum?id=0YDEgvfwEW
86,Dzyubachyk,dzyubachyk21.pdf,https://openreview.net/forum?id=MAUkVcDzDPA
88,Vadacchino,vadacchino21.pdf,https://openreview.net/forum?id=48UgSFrNR2
90,Hemati,hemati21.pdf,https://openreview.net/forum?id=BX0kKB1zB1Q
91,Cohen,cohen21.pdf,https://openreview.net/forum?id=rnunjvgxAMt
92,Nguyen,nguyen21.pdf,https://openreview.net/forum?id=boTEEpM8mu
99,Simko,simko21.pdf,https://openreview.net/forum?id=lWeQH4Kpsys
101,Pirkl,pirkl21.pdf,https://openreview.net/forum?id=hxgQM71AuRA
102,EL Jurdi,eljurdi21.pdf,https://openreview.net/forum?id=NDEmtyb4cXu
106,Maheshwari,maheshwari21.pdf,https://openreview.net/forum?id=_n48l6YKc6d
107,Brudfors,brudfors21.pdf,https://openreview.net/forum?id=PoIV8EXQDjn
109,Uzunova,uzunova21.pdf,https://openreview.net/forum?id=ILEMHPV_Lc2
110,Kist,kist21.pdf,https://openreview.net/forum?id=MzC8X6cMF2r
114,Philipp,philipp21.pdf,https://openreview.net/forum?id=21m0dBCMdd
120,Hagenah,hagenah21.pdf,https://openreview.net/forum?id=Fqmbjvawgt
123,Konwer,konwer21.pdf,https://openreview.net/forum?id=96BhL_MERil
125,Feng,feng21.pdf,https://openreview.net/forum?id=uLtYvtWw8PH
129,Lalit,lalit21.pdf,https://openreview.net/forum?id=JM6GuFGayL5
139,Kervadec,kervadec21.pdf,https://openreview.net/forum?id=nqe6e0oJ_fL
142,van Harten,vadacchino21.pdf,https://openreview.net/forum?id=cfYAFR6s6iJ
143,Shimona Dsouza,shi21.pdf,https://openreview.net/forum?id=ud-iBiED9zb
144,Prieto,prieto21.pdf,https://openreview.net/forum?id=umb5xsy1-zS
145,Mouches,mouches21.pdf,https://openreview.net/forum?id=9ClUQ2ELJap
150,Gupta,gupta21.pdf,https://openreview.net/forum?id=8lL_y9n-CV
153,Turja,turja21.pdf,https://openreview.net/forum?id=S3QYCe74DPu
161,Sharma,sharma21.pdf,https://openreview.net/forum?id=7i1-2oKIELU
163,Rajagopal,rajagopal21.pdf,https://openreview.net/forum?id=V-a5DJCh4Hk
171,Mairhöfer,mairhoefer21.pdf,https://openreview.net/forum?id=bj04hJss_xZ